frame,time_s,gaze_status,left_eye_status,right_eye_status,left_eye_openness,right_eye_openness,focus_distance,focus_stability,gaze_valid,left_eye_valid,right_eye_valid,blink_left,blink_right,focus_distance_sentinel,focus_out_of_bounds,focus_unstable,in_invalid_run,invalid_run_id
725152,0,VALID,VALID,VALID,0.877,0.818,0.8338683,0,true,true,true,false,false,false,false,true,false,
725153,0.0050201,VALID,VALID,VALID,0.879,0.824,0.8432757,0,true,true,true,false,false,false,false,true,false,
725154,0.0100128,VALID,VALID,VALID,0.882,0.828,0.8496581,0,true,true,true,false,false,false,false,true,false,
725155,0.0150329,VALID,VALID,VALID,0.885,0.832,0.8539737,0,true,true,true,false,false,false,false,true,false,
725156,0.0200515,VALID,VALID,VALID,0.886,0.835,0.8567936,0,true,true,true,false,false,false,false,true,false,
725157,0.0250716,VALID,VALID,VALID,0.888,0.838,0.8645837,0,true,true,true,false,false,false,false,true,false,
725158,0.0300902,VALID,VALID,VALID,0.89,0.839,0.866951,0,true,true,true,false,false,false,false,true,false,
725159,0.0351103,VALID,VALID,VALID,0.892,0.842,0.8707209,0,true,true,true,false,false,false,false,true,false,
725160,0.0401289,VALID,VALID,VALID,0.89,0.847,0.8693583,0,true,true,true,false,false,false,false,true,false,
725161,0.0451238,VALID,VALID,VALID,0.892,0.854,0.8692754,0,true,true,true,false,false,false,false,true,false,
725162,0.0501424,VALID,VALID,VALID,0.894,0.855,0.8697525,0.3751999,true,true,true,false,false,false,false,false,false,
725163,0.055161,VALID,VALID,VALID,0.893,0.859,0.8681142,0.3480136,true,true,true,false,false,false,false,false,false,
725164,0.0601404,VALID,VALID,VALID,0.896,0.864,0.8639259,0.3286722,true,true,true,false,false,false,false,false,false,
725165,0.0651163,VALID,VALID,VALID,0.895,0.866,0.8494494,0.3640021,true,true,true,false,false,false,false,false,false,
725166,0.0701574,VALID,VALID,VALID,0.895,0.867,0.8364815,0.4116057,true,true,true,false,false,false,false,false,false,
725167,0.0751788,VALID,VALID,VALID,0.897,0.866,0.826709,0.5144989,true,true,true,false,false,false,false,false,false,
725168,0.0801694,VALID,VALID,VALID,0.896,0.868,0.826238,0.5987425,true,true,true,false,false,false,false,false,false,
725169,0.0851812,VALID,VALID,VALID,0.896,0.869,0.8258686,0.6014414,true,true,true,false,false,false,false,false,false,
725170,0.0901943,VALID,VALID,VALID,0.896,0.87,0.8263748,0.7419555,true,true,true,false,false,false,false,false,false,
725171,0.0952231,VALID,VALID,VALID,0.896,0.87,0.8204506,0.5934829,true,true,true,false,false,false,false,false,false,
725172,0.1002362,VALID,VALID,VALID,0.895,0.873,0.8161911,0.5977273,true,true,true,false,false,false,false,false,false,
725173,0.1052493,VALID,VALID,VALID,0.894,0.873,0.8123772,0.5054353,true,true,true,false,false,false,false,false,false,
725174,0.1102611,VALID,VALID,VALID,0.893,0.873,0.8089929,0.4121578,true,true,true,false,false,false,false,false,false,
725175,0.1152651,VALID,VALID,VALID,0.892,0.877,0.8065137,0.3992666,true,true,true,false,false,false,false,false,false,
725176,0.1202543,VALID,VALID,VALID,0.892,0.879,0.8030896,0.4337446,true,true,true,false,false,false,false,false,false,
725177,0.1252719,VALID,VALID,VALID,0.893,0.878,0.7991894,0.448089,true,true,true,false,false,false,false,false,false,
725178,0.1303386,VALID,VALID,VALID,0.889,0.881,0.7939894,0.4687098,true,true,true,false,false,false,false,false,false,
725179,0.135334,VALID,VALID,VALID,0.886,0.882,0.7891431,0.5012683,true,true,true,false,false,false,false,false,false,
725180,0.1403464,VALID,VALID,VALID,0.887,0.882,0.7843742,0.5260853,true,true,true,false,false,false,false,false,false,
725181,0.1453715,VALID,VALID,VALID,0.887,0.883,0.7792032,0.5231228,true,true,true,false,false,false,false,false,false,
725182,0.1503839,VALID,VALID,VALID,0.885,0.884,0.7743719,0.5467602,true,true,true,false,false,false,false,false,false,
725183,0.155397,VALID,VALID,VALID,0.883,0.884,0.7687284,0.5604393,true,true,true,false,false,false,false,false,false,
725184,0.1604094,VALID,VALID,VALID,0.882,0.884,0.7645019,0.6513069,true,true,true,false,false,false,false,false,false,
725185,0.1654225,VALID,VALID,VALID,0.883,0.883,0.7606121,0.6582366,true,true,true,false,false,false,false,false,false,
725186,0.170412,VALID,VALID,VALID,0.884,0.881,0.7559707,0.6629525,true,true,true,false,false,false,false,false,false,
725187,0.175389,VALID,VALID,VALID,0.882,0.882,0.7517361,0.7602662,true,true,true,false,false,false,false,false,false,
725188,0.180417,VALID,VALID,VALID,0.878,0.88,0.7454416,0.7374444,true,true,true,false,false,false,false,false,false,
725189,0.1854803,VALID,VALID,VALID,0.88,0.879,0.7379642,0.7330105,true,true,true,false,false,false,false,false,false,
725190,0.1904979,VALID,VALID,VALID,0.877,0.88,0.7234049,0.6589322,true,true,true,false,false,false,false,false,false,
725191,0.1954593,VALID,VALID,VALID,0.871,0.88,0.7143898,0,true,true,true,false,false,false,false,true,false,
725192,0.2004769,VALID,VALID,VALID,0.865,0.879,2,0,true,true,true,false,false,false,false,true,false,
725193,0.2054945,VALID,VALID,VALID,0.851,0.878,0.8378082,0,true,true,true,false,false,false,false,true,false,
725194,0.210518,VALID,VALID,VALID,0.837,0.876,0.8029097,0,true,true,true,false,false,false,false,true,false,
725195,0.2155356,VALID,VALID,VALID,0.826,0.878,0.7672537,0,true,true,true,false,false,false,false,true,false,
725196,0.2205532,VALID,VALID,VALID,0.812,0.881,0.7334318,0,true,true,true,false,false,false,false,true,false,
725197,0.2255708,VALID,VALID,VALID,0.803,0.887,0.7113953,0,true,true,true,false,false,false,false,true,false,
725198,0.2305392,VALID,VALID,VALID,0.798,0.894,0.6967396,0,true,true,true,false,false,false,false,true,false,
725199,0.2355568,VALID,VALID,VALID,0.792,0.901,0.684825,0,true,true,true,false,false,false,false,true,false,
725200,0.2405803,VALID,VALID,VALID,0.789,0.909,0.6350995,0,true,true,true,false,false,false,false,true,false,
725201,0.2456215,VALID,VALID,VALID,0.786,0.915,0.6048359,0,true,true,true,false,false,false,false,true,false,
725202,0.250645,VALID,VALID,VALID,0.784,0.922,0.5853839,0,true,true,true,false,false,false,false,true,false,
725203,0.2556694,VALID,VALID,VALID,0.784,0.927,0.5715324,0,true,true,true,false,false,false,false,true,false,
725204,0.2606938,VALID,VALID,VALID,0.783,0.932,0.5618939,0,true,true,true,false,false,false,false,true,false,
725205,0.2657201,VALID,VALID,VALID,0.78,0.936,0.5570679,0,true,true,true,false,false,false,false,true,false,
725206,0.2707436,VALID,VALID,VALID,0.78,0.94,0.5585487,0,true,true,true,false,false,false,false,true,false,
725207,0.2756391,VALID,VALID,VALID,0.781,0.943,0.558642,0,true,true,true,false,false,false,false,true,false,
725208,0.2806626,VALID,VALID,VALID,0.78,0.946,0.5838962,0,true,true,true,false,false,false,false,true,false,
725209,0.2856889,VALID,VALID,VALID,0.778,0.948,0.6009879,0,true,true,true,false,false,false,false,true,false,
725210,0.2907124,VALID,VALID,VALID,0.778,0.95,0.5892494,0,true,true,true,false,false,false,false,true,false,
725211,0.2957387,VALID,VALID,VALID,0.778,0.952,0.6031176,0,true,true,true,false,false,false,false,true,false,
725212,0.3007733,VALID,VALID,VALID,0.777,0.954,0.6139561,0,true,true,true,false,false,false,false,true,false,
725213,0.3057996,VALID,VALID,VALID,0.776,0.955,0.6200414,0,true,true,true,false,false,false,false,true,false,
725214,0.3108259,VALID,VALID,VALID,0.775,0.957,0.6220773,0,true,true,true,false,false,false,false,true,false,
725215,0.3158522,VALID,VALID,VALID,0.775,0.958,0.621509,0,true,true,true,false,false,false,false,true,false,
725216,0.3208868,VALID,VALID,VALID,0.776,0.959,0.6193966,0,true,true,true,false,false,false,false,true,false,
725217,0.3258692,VALID,VALID,VALID,0.776,0.96,0.6157492,0,true,true,true,false,false,false,false,true,false,
725218,0.3307845,VALID,VALID,VALID,0.775,0.961,0.6114174,0,true,true,true,false,false,false,false,true,false,
725219,0.3358108,VALID,VALID,VALID,0.775,0.962,0.6068625,0,true,true,true,false,false,false,false,true,false,
725220,0.3408444,VALID,VALID,VALID,0.774,0.963,0.6024135,0,true,true,true,false,false,false,false,true,false,
725221,0.3460024,VALID,VALID,VALID,0.775,0.963,0.5981432,0,true,true,true,false,false,false,false,true,false,
725222,0.3509848,VALID,VALID,VALID,0.774,0.964,0.5942256,0,true,true,true,false,false,false,false,true,false,
725223,0.3558444,VALID,VALID,VALID,0.774,0.965,0.5904288,0,true,true,true,false,false,false,false,true,false,
725224,0.360878,VALID,VALID,VALID,0.774,0.965,0.5871825,0,true,true,true,false,false,false,false,true,false,
725225,0.3659116,VALID,VALID,VALID,0.774,0.966,0.5842775,0,true,true,true,false,false,false,false,true,false,
725226,0.3709287,VALID,VALID,VALID,0.774,0.966,0.5816353,0,true,true,true,false,false,false,false,true,false,
725227,0.3759019,VALID,VALID,VALID,0.773,0.967,0.5835257,0,true,true,true,false,false,false,false,true,false,
725228,0.380919,VALID,VALID,VALID,0.772,0.967,0.5820304,0,true,true,true,false,false,false,false,true,false,
725229,0.3859438,VALID,VALID,VALID,0.772,0.968,0.5810243,0,true,true,true,false,false,false,false,true,false,
725230,0.3909609,VALID,VALID,VALID,0.772,0.968,0.5798037,0.0978217,true,true,true,false,false,false,false,true,false,
725231,0.395941,VALID,VALID,VALID,0.771,0.969,0.5789346,0.09597003,true,true,true,false,false,false,false,true,false,
725232,0.4009581,VALID,VALID,VALID,0.771,0.969,0.5813488,0,true,true,true,false,false,false,false,true,false,
725233,0.4059795,VALID,VALID,VALID,0.771,0.97,0.5807776,0,true,true,true,false,false,false,false,true,false,
725234,0.4110256,VALID,VALID,VALID,0.771,0.97,0.5802897,0,true,true,true,false,false,false,false,true,false,
725235,0.416047,VALID,VALID,VALID,0.772,0.971,0.5798579,0,true,true,true,false,false,false,false,true,false,
725236,0.4210684,VALID,VALID,VALID,0.772,0.971,0.5794402,0,true,true,true,false,false,false,false,true,false,
725237,0.4260855,VALID,VALID,VALID,0.772,0.972,0.5808669,0,true,true,true,false,false,false,false,true,false,
725238,0.4310347,VALID,VALID,VALID,0.772,0.972,0.5832917,0,true,true,true,false,false,false,false,true,false,
725239,0.4360276,VALID,VALID,VALID,0.772,0.972,0.5833713,0,true,true,true,false,false,false,false,true,false,
725240,0.4410364,VALID,VALID,VALID,0.772,0.973,0.5878034,0,true,true,true,false,false,false,false,true,false,
725400,1.2430362,VALID,VALID,VALID,0.804,0.655,0.4991519,0,true,true,true,false,false,false,false,true,false,
725401,1.248052,VALID,VALID,VALID,0.777,0.611,0.5159424,0,true,true,true,false,false,false,false,true,false,
725402,1.2530299,VALID,VALID,VALID,0.755,0.583,0.3886702,0,true,true,true,false,false,false,false,true,false,
725403,1.2580554,INVALID,INVALID,INVALID,,,,,false,false,false,false,false,false,false,false,false,
725404,1.2630712,VALID,VALID,INVALID,0.693,0.548,2,0,true,true,false,false,false,false,false,true,false,
725405,1.2681495,INVALID,INVALID,INVALID,,,,,false,false,false,false,false,false,false,false,true,0
725406,1.2731653,INVALID,INVALID,INVALID,,,,,false,false,false,false,false,false,false,false,true,0
725407,1.2781543,INVALID,INVALID,INVALID,,,,,false,false,false,false,false,false,false,false,true,0
725408,1.2831454,INVALID,INVALID,INVALID,,,,,false,false,false,false,false,false,false,false,true,0
725409,1.2881579,INVALID,INVALID,INVALID,,,,,false,false,false,false,false,false,false,false,true,0
725410,1.2931372,INVALID,INVALID,INVALID,,,,,false,false,false,false,false,false,false,false,true,0
725411,1.2981462,INVALID,INVALID,INVALID,,,,,false,false,false,false,false,false,false,false,true,0
725412,1.3031567,INVALID,INVALID,INVALID,,,,,false,false,false,false,false,false,false,false,true,0
725413,1.308162,INVALID,INVALID,INVALID,,,,,false,false,false,false,false,false,false,false,true,0
725414,1.3131735,INVALID,INVALID,INVALID,,,,,false,false,false,false,false,false,false,false,true,0
725415,1.3181831,INVALID,INVALID,INVALID,,,,,false,false,false,false,false,false,false,false,true,0
725416,1.3232368,INVALID,INVALID,INVALID,,,,,false,false,false,false,false,false,false,false,true,0
725417,1.3282421,INVALID,INVALID,INVALID,,,,,false,false,false,false,false,false,false,false,true,0
725418,1.3332517,INVALID,INVALID,INVALID,,,,,false,false,false,false,false,false,false,false,true,0
725419,1.338257,INVALID,INVALID,INVALID,,,,,false,false,false,false,false,false,false,false,true,0
725420,1.3432744,INVALID,INVALID,INVALID,,,,,false,false,false,false,false,false,false,false,true,0
725421,1.3482797,INVALID,INVALID,INVALID,,,,,false,false,false,false,false,false,false,false,true,0
725422,1.3532893,INVALID,INVALID,INVALID,,,,,false,false,false,false,false,false,false,false,true,0
725423,1.3584102,INVALID,INVALID,INVALID,,,,,false,false,false,false,false,false,false,false,true,0
725424,1.3633839,INVALID,INVALID,INVALID,,,,,false,false,false,false,false,false,false,false,true,0
725425,1.3683892,VALID,VALID,INVALID,0.407,0.261,2,0,true,true,false,true,true,false,false,true,false,
725426,1.3733782,INVALID,INVALID,INVALID,,,,,false,false,false,false,false,false,false,false,false,
725427,1.3783328,VALID,INVALID,VALID,,,2,0,true,false,true,false,false,false,false,true,false,
725428,1.3833378,VALID,VALID,VALID,0.414,0.264,0.4793148,0,true,true,true,true,true,false,false,true,false,
725429,1.3883434,VALID,VALID,VALID,0.418,0.274,0.9210226,0,true,true,true,true,true,false,false,true,false,
725430,1.3933484,VALID,VALID,VALID,0.425,0.29,0.4261022,0,true,true,true,true,true,false,false,true,false,
725431,1.3983796,VALID,VALID,VALID,0.433,0.314,,0,true,true,true,true,true,false,true,true,false,
725432,1.4033849,VALID,VALID,VALID,0.441,0.347,,0,true,true,true,true,true,false,true,true,false,
725433,1.4083902,VALID,VALID,VALID,0.451,0.385,,0,true,true,true,true,true,false,true,true,false,
725434,1.4133955,VALID,VALID,VALID,0.472,0.422,,0,true,true,true,true,true,false,true,true,false,
725435,1.4184263,VALID,VALID,VALID,0.488,0.449,0.2417095,0,true,true,true,true,true,false,false,true,false,
725436,1.4234437,VALID,VALID,VALID,0.496,0.474,0.3152927,0,true,true,true,true,true,false,false,true,false,
725437,1.4284487,VALID,VALID,VALID,0.51,0.492,0.3684333,0,true,true,true,false,true,false,false,true,false,
725438,1.433501,VALID,VALID,VALID,0.524,0.506,0.3928575,0,true,true,true,false,false,false,false,true,false,
725439,1.438481,VALID,VALID,VALID,0.54,0.523,0.3966217,0,true,true,true,false,false,false,false,true,false,
725440,1.4434934,VALID,VALID,VALID,0.549,0.531,0.3958558,0,true,true,true,false,false,false,false,true,false,
725441,1.4484968,VALID,VALID,VALID,0.56,0.549,0.3896511,0,true,true,true,false,false,false,false,true,false,
725442,1.453525,VALID,VALID,VALID,0.571,0.563,0.4733042,0,true,true,true,false,false,false,false,true,false,
725443,1.4585284,VALID,VALID,VALID,0.578,0.574,0.5925523,0,true,true,true,false,false,false,false,true,false,
725444,1.4635307,VALID,VALID,VALID,0.587,0.592,0.8228882,0,true,true,true,false,false,false,false,true,false,
725445,1.4685341,VALID,VALID,VALID,0.601,0.605,0.3234861,0,true,true,true,false,false,false,false,true,false,
725446,1.4735764,VALID,VALID,VALID,0.615,0.62,,0,true,true,true,false,false,false,true,true,false,
725447,1.4785798,VALID,VALID,VALID,0.628,0.64,0.2537385,0,true,true,true,false,false,false,false,true,false,
725448,1.4835877,VALID,VALID,VALID,0.64,0.657,0.2826467,0,true,true,true,false,false,false,false,true,false,
725449,1.4886354,VALID,VALID,VALID,0.65,0.672,0.3082287,0,true,true,true,false,false,false,false,true,false,
725450,1.4936433,VALID,VALID,VALID,0.658,0.683,0.3635459,0,true,true,true,false,false,false,false,true,false,
725451,1.4986517,VALID,VALID,VALID,0.666,0.694,0.433836,0,true,true,true,false,false,false,false,true,false,
725452,1.5036596,VALID,VALID,VALID,0.673,0.702,0.4987419,0,true,true,true,false,false,false,false,true,false,
725453,1.5086714,VALID,VALID,VALID,0.678,0.709,0.521127,0,true,true,true,false,false,false,false,true,false,
725454,1.5136793,VALID,VALID,VALID,0.681,0.714,0.5083172,0,true,true,true,false,false,false,false,true,false,
725455,1.5186738,VALID,VALID,VALID,0.685,0.717,0.4836221,0,true,true,true,false,false,false,false,true,false,
725456,1.5236858,VALID,VALID,VALID,0.687,0.719,0.4414793,0,true,true,true,false,false,false,false,true,false,
725457,1.5286976,VALID,VALID,VALID,0.688,0.721,0.4066541,0,true,true,true,false,false,false,false,true,false,
725458,1.5337085,VALID,VALID,VALID,0.69,0.722,0.3738923,0,true,true,true,false,false,false,false,true,false,
725459,1.5387203,VALID,VALID,VALID,0.69,0.722,0.3437788,0,true,true,true,false,false,false,false,true,false,
725460,1.5437321,VALID,VALID,VALID,0.691,0.723,0.3239168,0,true,true,true,false,false,false,false,true,false,
725461,1.5487439,VALID,VALID,VALID,0.691,0.723,0.3066229,0.01009397,true,true,true,false,false,false,false,true,false,
725462,1.5537885,VALID,VALID,VALID,0.691,0.723,0.2922137,0.3131063,true,true,true,false,false,false,false,false,false,
725463,1.5588003,VALID,VALID,VALID,0.691,0.723,0.2762413,0.3267252,true,true,true,false,false,false,false,false,false,
725464,1.5638121,VALID,VALID,VALID,0.691,0.723,0.2787231,0.2769779,true,true,true,false,false,false,false,true,false,
725465,1.568823,VALID,VALID,VALID,0.691,0.723,0.3146067,0,true,true,true,false,false,false,false,true,false,
725466,1.5738348,VALID,VALID,VALID,0.691,0.723,0.3391364,0.07628126,true,true,true,false,false,false,false,true,false,
725467,1.5788457,VALID,VALID,VALID,0.69,0.722,0.3594651,0.0574507,true,true,true,false,false,false,false,true,false,
725468,1.5838566,VALID,VALID,VALID,0.69,0.72,0.3603427,0,true,true,true,false,false,false,false,true,false,
725469,1.5888684,VALID,VALID,VALID,0.689,0.718,0.3760963,0,true,true,true,false,false,false,false,true,false,
725470,1.593878,VALID,VALID,VALID,0.686,0.713,0.3846069,0,true,true,true,false,false,false,false,true,false,
725471,1.5988889,VALID,VALID,VALID,0.683,0.706,0.3908963,0,true,true,true,false,false,false,false,true,false,
725472,1.6038998,VALID,VALID,VALID,0.678,0.697,0.3975119,0,true,true,true,false,false,false,false,true,false,
725473,1.6090059,VALID,VALID,VALID,0.672,0.683,0.3913692,0,true,true,true,false,false,false,false,true,false,
725474,1.6140154,VALID,VALID,VALID,0.664,0.664,0.3860805,0,true,true,true,false,false,false,false,true,false,
725475,1.6189073,VALID,VALID,VALID,0.649,0.634,0.3571044,0,true,true,true,false,false,false,false,true,false,
725476,1.6239168,VALID,VALID,VALID,0.628,0.601,0.400206,0,true,true,true,false,false,false,false,true,false,
725477,1.6289376,VALID,VALID,VALID,0.605,0.564,0.3099073,0,true,true,true,false,false,false,false,true,false,
725478,1.6339554,VALID,VALID,VALID,0.592,0.526,,0,true,true,true,false,false,false,true,true,false,
725479,1.6390009,VALID,VALID,VALID,0.568,0.489,,0,true,true,true,false,true,false,true,true,false,
725480,1.6440108,INVALID,INVALID,INVALID,,,,,false,false,false,false,false,false,false,false,true,1
725481,1.6489793,INVALID,INVALID,INVALID,,,,,false,false,false,false,false,false,false,false,true,1
725482,1.6540023,INVALID,INVALID,INVALID,,,,,false,false,false,false,false,false,false,false,true,1
725483,1.6590127,INVALID,INVALID,INVALID,,,,,false,false,false,false,false,false,false,false,true,1
725484,1.6640577,INVALID,INVALID,INVALID,,,,,false,false,false,false,false,false,false,false,true,1
725485,1.6690672,INVALID,INVALID,INVALID,,,,,false,false,false,false,false,false,false,false,true,1
725486,1.6740767,INVALID,INVALID,INVALID,,,,,false,false,false,false,false,false,false,false,true,1
725487,1.6790862,INVALID,INVALID,INVALID,,,,,false,false,false,false,false,false,false,false,true,1
725488,1.6841326,INVALID,INVALID,INVALID,,,,,false,false,false,false,false,false,false,false,true,1
725489,1.6891596,INVALID,INVALID,INVALID,,,,,false,false,false,false,false,false,false,false,true,1
725490,1.6941721,INVALID,INVALID,INVALID,,,,,false,false,false,false,false,false,false,false,true,1
725491,1.6991477,INVALID,INVALID,INVALID,,,,,false,false,false,false,false,false,false,false,true,1
725492,1.7041602,INVALID,INVALID,INVALID,,,,,false,false,false,false,false,false,false,false,true,1
725493,1.7091887,INVALID,INVALID,INVALID,,,,,false,false,false,false,false,false,false,false,true,1
725494,1.7142012,INVALID,INVALID,INVALID,,,,,false,false,false,false,false,false,false,false,true,1
725495,1.719219,INVALID,INVALID,INVALID,,,,,false,false,false,false,false,false,false,false,true,1
725496,1.7242208,VALID,VALID,INVALID,0.441,0.29,2,0,true,true,false,true,true,false,false,true,false,
725497,1.7292386,VALID,VALID,INVALID,0.436,0.292,2,0,true,true,false,true,true,false,false,true,false,
725498,1.7342511,INVALID,INVALID,INVALID,,,,,false,false,false,false,false,false,false,false,true,2
725499,1.7392689,INVALID,INVALID,INVALID,,,,,false,false,false,false,false,false,false,false,true,2
725500,1.7442814,INVALID,INVALID,INVALID,,,,,false,false,false,false,false,false,false,false,true,2
725501,1.7492992,INVALID,INVALID,INVALID,,,,,false,false,false,false,false,false,false,false,true,2
725502,1.7543117,INVALID,INVALID,INVALID,,,,,false,false,false,false,false,false,false,false,true,2
725503,1.759285,INVALID,INVALID,INVALID,,,,,false,false,false,false,false,false,false,false,true,2
725504,1.7642975,INVALID,INVALID,INVALID,,,,,false,false,false,false,false,false,false,false,true,2
725505,1.76931,INVALID,INVALID,INVALID,,,,,false,false,false,false,false,false,false,false,true,2
725506,1.7743359,INVALID,INVALID,INVALID,,,,,false,false,false,false,false,false,false,false,true,2
725507,1.7793425,INVALID,INVALID,INVALID,,,,,false,false,false,false,false,false,false,false,true,2
725508,1.7843533,INVALID,INVALID,INVALID,,,,,false,false,false,false,false,false,false,false,true,2
725509,1.7893599,INVALID,INVALID,INVALID,,,,,false,false,false,false,false,false,false,false,true,2
725510,1.7943707,INVALID,INVALID,INVALID,,,,,false,false,false,false,false,false,false,false,true,2
725511,1.7993815,INVALID,INVALID,INVALID,,,,,false,false,false,false,false,false,false,false,true,2
725512,1.8043881,INVALID,INVALID,INVALID,,,,,false,false,false,false,false,false,false,false,true,2
725513,1.8093798,INVALID,INVALID,INVALID,,,,,false,false,false,false,false,false,false,false,true,2
725514,1.8143806,INVALID,INVALID,INVALID,,,,,false,false,false,false,false,false,false,false,true,2
725515,1.8194009,INVALID,INVALID,INVALID,,,,,false,false,false,false,false,false,false,false,true,2
725516,1.8244292,INVALID,INVALID,INVALID,,,,,false,false,false,false,false,false,false,false,true,2
725517,1.8294449,INVALID,INVALID,INVALID,,,,,false,false,false,false,false,false,false,false,true,2
725518,1.8344515,INVALID,INVALID,INVALID,,,,,false,false,false,false,false,false,false,false,true,2
725519,1.8394623,INVALID,INVALID,INVALID,,,,,false,false,false,false,false,false,false,false,true,2
725520,1.8444689,INVALID,INVALID,INVALID,,,,,false,false,false,false,false,false,false,false,true,2
725521,1.8495017,INVALID,INVALID,INVALID,,,,,false,false,false,false,false,false,false,false,true,2
725522,1.8545083,INVALID,INVALID,INVALID,,,,,false,false,false,false,false,false,false,false,true,2
725523,1.8595191,INVALID,INVALID,INVALID,,,,,false,false,false,false,false,false,false,false,true,2
725524,1.8645331,INVALID,INVALID,INVALID,,,,,false,false,false,false,false,false,false,false,true,2
725525,1.8695431,INVALID,INVALID,INVALID,,,,,false,false,false,false,false,false,false,false,true,2
725526,1.8745531,INVALID,INVALID,INVALID,,,,,false,false,false,false,false,false,false,false,true,2
725527,1.8795982,INVALID,INVALID,INVALID,,,,,false,false,false,false,false,false,false,false,true,2
725528,1.884609,INVALID,INVALID,INVALID,,,,,false,false,false,false,false,false,false,false,true,2
725529,1.889619,INVALID,INVALID,INVALID,,,,,false,false,false,false,false,false,false,false,true,2
725530,1.8946298,INVALID,INVALID,INVALID,,,,,false,false,false,false,false,false,false,false,true,2
725531,1.8996398,INVALID,INVALID,INVALID,,,,,false,false,false,false,false,false,false,false,true,2
725532,1.9046815,INVALID,INVALID,INVALID,,,,,false,false,false,false,false,false,false,false,true,2
725533,1.9096915,INVALID,INVALID,INVALID,,,,,false,false,false,false,false,false,false,false,true,2
725534,1.9146637,INVALID,INVALID,INVALID,,,,,false,false,false,false,false,false,false,false,true,2
725535,1.9196531,INVALID,INVALID,INVALID,,,,,false,false,false,false,false,false,false,false,true,2
725536,1.9246651,INVALID,INVALID,INVALID,,,,,false,false,false,false,false,false,false,false,true,2
725537,1.9296837,INVALID,INVALID,INVALID,,,,,false,false,false,false,false,false,false,false,true,2
725538,1.9346918,INVALID,INVALID,INVALID,,,,,false,false,false,false,false,false,false,false,true,2
725539,1.9397028,INVALID,INVALID,INVALID,,,,,false,false,false,false,false,false,false,false,true,2
725540,1.9447128,INVALID,INVALID,INVALID,,,,,false,false,false,false,false,false,false,false,true,2
725541,1.9497272,INVALID,INVALID,INVALID,,,,,false,false,false,false,false,false,false,false,true,2
725542,1.9547353,INVALID,INVALID,INVALID,,,,,false,false,false,false,false,false,false,false,true,2
725543,1.9597752,INVALID,INVALID,INVALID,,,,,false,false,false,false,false,false,false,false,true,2
725544,1.9647833,INVALID,INVALID,INVALID,,,,,false,false,false,false,false,false,false,false,true,2
725545,1.9697646,INVALID,INVALID,INVALID,,,,,false,false,false,false,false,false,false,false,true,2
725546,1.9747802,INVALID,INVALID,INVALID,,,,,false,false,false,false,false,false,false,false,true,2
725547,1.9798079,INVALID,INVALID,INVALID,,,,,false,false,false,false,false,false,false,false,true,2
725548,1.9848339,INVALID,INVALID,INVALID,,,,,false,false,false,false,false,false,false,false,true,2
725549,1.9898364,INVALID,INVALID,INVALID,,,,,false,false,false,false,false,false,false,false,true,2
725550,1.9948474,INVALID,INVALID,INVALID,,,,,false,false,false,false,false,false,false,false,true,2
725551,1.9998555,INVALID,INVALID,INVALID,,,,,false,false,false,false,false,false,false,false,true,2
725552,2.0048724,INVALID,INVALID,INVALID,,,,,false,false,false,false,false,false,false,false,true,2
725553,2.0098805,INVALID,INVALID,INVALID,,,,,false,false,false,false,false,false,false,false,true,2
725554,2.0148886,INVALID,INVALID,INVALID,,,,,false,false,false,false,false,false,false,false,true,2
725555,2.0199012,INVALID,INVALID,INVALID,,,,,false,false,false,false,false,false,false,false,true,2
725556,2.0249093,INVALID,INVALID,INVALID,,,,,false,false,false,false,false,false,false,false,true,2
725557,2.0299174,INVALID,INVALID,INVALID,,,,,false,false,false,false,false,false,false,false,true,2
725558,2.034941,INVALID,INVALID,INVALID,,,,,false,false,false,false,false,false,false,false,true,2
725559,2.03995,INVALID,INVALID,INVALID,,,,,false,false,false,false,false,false,false,false,true,2
725560,2.044959,INVALID,INVALID,INVALID,,,,,false,false,false,false,false,false,false,false,true,2
725561,2.0499843,INVALID,INVALID,INVALID,,,,,false,false,false,false,false,false,false,false,true,2
725562,2.0549933,INVALID,INVALID,INVALID,,,,,false,false,false,false,false,false,false,false,true,2
725563,2.0600472,INVALID,INVALID,INVALID,,,,,false,false,false,false,false,false,false,false,true,2
725564,2.0650562,INVALID,INVALID,INVALID,,,,,false,false,false,false,false,false,false,false,true,2
725565,2.0700722,INVALID,INVALID,INVALID,,,,,false,false,false,false,false,false,false,false,true,2
725566,2.0750812,INVALID,INVALID,INVALID,,,,,false,false,false,false,false,false,false,false,true,2
725567,2.0800968,INVALID,INVALID,INVALID,,,,,false,false,false,false,false,false,false,false,true,2
725568,2.0851058,INVALID,INVALID,INVALID,,,,,false,false,false,false,false,false,false,false,true,2
725569,2.0901214,INVALID,INVALID,INVALID,,,,,false,false,false,false,false,false,false,false,true,2
725570,2.0951304,INVALID,INVALID,INVALID,,,,,false,false,false,false,false,false,false,false,true,2
725571,2.1001394,INVALID,INVALID,INVALID,,,,,false,false,false,false,false,false,false,false,true,2
725572,2.1051665,VALID,VALID,VALID,0.393,0.31,,0,true,true,true,true,true,false,true,true,false,
725573,2.1101755,VALID,VALID,VALID,0.395,0.313,0.6681774,0,true,true,true,true,true,false,false,true,false,
725574,2.1151845,VALID,VALID,VALID,0.399,0.317,2,0,true,true,true,true,true,false,false,true,false,
725575,2.1201935,VALID,VALID,VALID,0.405,0.319,0.487977,0,true,true,true,true,true,false,false,true,false,
725576,2.1251787,VALID,VALID,VALID,0.409,0.329,0.2654263,0,true,true,true,true,true,false,false,true,false,
725577,2.1301877,VALID,VALID,VALID,0.413,0.335,0.4031945,0,true,true,true,true,true,false,false,true,false,
725578,2.1351967,VALID,VALID,VALID,0.422,0.349,0.5166033,0,true,true,true,true,true,false,false,true,false,
725579,2.140211,VALID,VALID,VALID,0.437,0.373,0.5267635,0,true,true,true,true,true,false,false,true,false,
725580,2.1452354,VALID,VALID,VALID,0.451,0.397,0.5358419,0,true,true,true,true,true,false,false,true,false,
725581,2.1502516,VALID,VALID,VALID,0.47,0.429,0.54299,0,true,true,true,true,true,false,false,true,false,
725582,2.155276,VALID,VALID,VALID,0.504,0.462,0.5989563,0,true,true,true,false,true,false,false,true,false,
725583,2.1603249,VALID,VALID,VALID,0.523,0.49,0.7277444,0,true,true,true,false,true,false,false,true,false,
725584,2.1653559,VALID,VALID,VALID,0.542,0.517,0.7835685,0,true,true,true,false,false,false,false,true,false,
725585,2.1703652,VALID,VALID,VALID,0.56,0.549,0.7902328,0,true,true,true,false,false,false,false,true,false,
725586,2.1752783,VALID,VALID,VALID,0.576,0.574,0.7883428,0,true,true,true,false,false,false,false,true,false,
725587,2.1803464,VALID,VALID,VALID,0.595,0.6,0.7599397,0,true,true,true,false,false,false,false,true,false,
725588,2.1859617,VALID,VALID,VALID,0.613,0.622,0.7174289,0,true,true,true,false,false,false,false,true,false,
725589,2.1908115,VALID,VALID,VALID,0.63,0.64,0.6543394,0,true,true,true,false,false,false,false,true,false,
725590,2.1956435,VALID,VALID,VALID,0.645,0.656,0.5945814,0,true,true,true,false,false,false,false,true,false,
725591,2.2003552,VALID,VALID,VALID,0.66,0.67,0.5515125,0,true,true,true,false,false,false,false,true,false,
725592,2.2053695,VALID,VALID,VALID,0.673,0.683,0.5227922,0,true,true,true,false,false,false,false,true,false,
725593,2.2103839,VALID,VALID,VALID,0.686,0.697,0.5126447,0,true,true,true,false,false,false,false,true,false,
725594,2.2154169,VALID,VALID,VALID,0.697,0.706,0.5077008,0,true,true,true,false,false,false,false,true,false,
725595,2.2204313,VALID,VALID,VALID,0.706,0.711,0.5112821,0,true,true,true,false,false,false,false,true,false,
725596,2.2254457,VALID,VALID,VALID,0.713,0.713,0.5149947,0,true,true,true,false,false,false,false,true,false,
725597,2.23046,VALID,VALID,VALID,0.718,0.717,0.52054,0,true,true,true,false,false,false,false,true,false,
725598,2.2354744,VALID,VALID,VALID,0.722,0.722,0.5250685,0,true,true,true,false,false,false,false,true,false,
725599,2.2404888,VALID,VALID,VALID,0.724,0.726,0.5293807,0,true,true,true,false,false,false,false,true,false,
725600,2.2455032,VALID,VALID,VALID,0.727,0.733,0.5346989,0,true,true,true,false,false,false,false,true,false,
725601,2.2505176,VALID,VALID,VALID,0.729,0.737,0.5419699,0.2670962,true,true,true,false,false,false,false,true,false,
725602,2.255532,VALID,VALID,VALID,0.732,0.743,0.548995,0.6894268,true,true,true,false,false,false,false,false,false,
725603,2.2605464,VALID,VALID,VALID,0.736,0.747,0.5582709,0.7780095,true,true,true,false,false,false,false,false,false,
725604,2.265499,VALID,VALID,VALID,0.738,0.753,0.3563078,0.8033985,true,true,true,false,false,false,false,false,false,
725605,2.2705134,VALID,VALID,VALID,0.74,0.759,0.2482337,0.8887271,true,true,true,false,false,false,false,false,false,
725606,2.2755278,VALID,VALID,VALID,0.742,0.763,0.2056971,0.902274,true,true,true,false,false,false,false,false,false,
725607,2.2805581,VALID,VALID,VALID,0.743,0.77,,0.91431,true,true,true,false,false,false,true,false,false,
725608,2.2861397,VALID,VALID,VALID,0.744,0.775,,0.9361513,true,true,true,false,false,false,true,false,false,
725609,2.291006,VALID,VALID,VALID,0.745,0.779,,0.9566214,true,true,true,false,false,false,true,false,false,
725610,2.2960082,VALID,VALID,VALID,0.746,0.785,,0.6402216,true,true,true,false,false,false,true,false,false,
725611,2.3005823,VALID,VALID,VALID,0.747,0.79,,0.6437573,true,true,true,false,false,false,true,false,false,
725612,2.3055801,VALID,VALID,VALID,0.747,0.795,0.2159652,0.6647959,true,true,true,false,false,false,false,false,false,
725613,2.3106205,VALID,VALID,VALID,0.748,0.796,0.2223085,0.6663223,true,true,true,false,false,false,false,false,false,
725614,2.3156227,VALID,VALID,VALID,0.747,0.798,0.2946385,0.3534999,true,true,true,false,false,false,false,false,false,
725615,2.3206385,VALID,VALID,VALID,0.747,0.8,0.3687244,0.3520715,true,true,true,false,false,false,false,false,false,
725616,2.3256407,VALID,VALID,VALID,0.748,0.799,0.4534753,0.3425943,true,true,true,false,false,false,false,false,false,
725617,2.3306583,VALID,VALID,VALID,0.748,0.801,0.5348802,0.3461399,true,true,true,false,false,false,false,false,false,
725618,2.3356886,VALID,VALID,VALID,0.747,0.801,0.6010115,0.3417449,true,true,true,false,false,false,false,false,false,
725619,2.3406864,VALID,VALID,VALID,0.747,0.798,0.6474319,0.3497622,true,true,true,false,false,false,false,false,false,
725620,2.3457074,VALID,VALID,VALID,0.747,0.794,0.9056107,0.3604763,true,true,true,false,false,false,false,false,false,
725621,2.3507052,VALID,VALID,VALID,0.747,0.787,0.8505993,0.3653718,true,true,true,false,false,false,false,false,false,
725622,2.3557466,VALID,VALID,VALID,0.746,0.778,0.8326216,0.2394842,true,true,true,false,false,false,false,true,false,
725623,2.3608729,VALID,VALID,VALID,0.746,0.781,0.749504,0.2384888,true,true,true,false,false,false,false,true,false,
725624,2.3658939,VALID,VALID,VALID,0.745,0.787,0.7737772,0.2052364,true,true,true,false,false,false,false,true,false,
725625,2.3708917,VALID,VALID,VALID,0.745,0.798,0.790979,0.1972637,true,true,true,false,false,false,false,true,false,
725626,2.3758839,VALID,VALID,VALID,0.744,0.812,0.7397847,0.197492,true,true,true,false,false,false,false,true,false,
725627,2.3807534,VALID,VALID,VALID,0.742,0.826,0.7038093,0.1937142,true,true,true,false,false,false,false,true,false,
725628,2.3857512,VALID,VALID,VALID,0.741,0.839,0.740851,0.2002813,true,true,true,false,false,false,false,true,false,
725629,2.3910536,VALID,VALID,VALID,0.739,0.85,0.7146272,0.3256778,true,true,true,false,false,false,false,false,false,
725630,2.396043,VALID,VALID,VALID,0.738,0.858,0.753576,0.3328966,true,true,true,false,false,false,false,false,false,
725631,2.401064,VALID,VALID,VALID,0.736,0.866,0.7304057,0.3271645,true,true,true,false,false,false,false,false,false,
725632,2.4060534,VALID,VALID,VALID,0.732,0.872,0.7130681,0.3150286,true,true,true,false,false,false,false,false,false,
725633,2.4108619,VALID,VALID,VALID,0.73,0.877,0.7460675,0.476261,true,true,true,false,false,false,false,false,false,
725634,2.4158513,VALID,VALID,VALID,0.729,0.881,0.7264125,0.4679179,true,true,true,false,false,false,false,false,false,
725635,2.4208538,VALID,VALID,VALID,0.727,0.885,0.7148122,0.4484603,true,true,true,false,false,false,false,false,false,
725636,2.4258769,VALID,VALID,VALID,0.725,0.888,0.7457827,0.4353156,true,true,true,false,false,false,false,false,false,
725637,2.4308794,VALID,VALID,VALID,0.724,0.891,0.73004,0.4154424,true,true,true,false,false,false,false,false,false,
725638,2.4358908,VALID,VALID,VALID,0.722,0.893,0.8434368,0.2269874,true,true,true,false,false,false,false,true,false,
725639,2.4408933,VALID,VALID,VALID,0.72,0.895,0.8153324,0.03792121,true,true,true,false,false,false,false,true,false,
725640,2.4459609,VALID,VALID,VALID,0.717,0.897,0.8477271,0.03581799,true,true,true,false,false,false,false,true,false,
725641,2.4509634,VALID,VALID,VALID,0.715,0.899,0.8576977,0,true,true,true,false,false,false,false,true,false,
725642,2.4559846,VALID,VALID,VALID,0.713,0.902,0.8713962,0,true,true,true,false,false,false,false,true,false,
725643,2.460974,VALID,VALID,VALID,0.71,0.903,1.010289,0,true,true,true,false,false,false,false,true,false,
725644,2.4659876,VALID,VALID,VALID,0.708,0.905,1.019707,0,true,true,true,false,false,false,false,true,false,
725645,2.4710013,VALID,VALID,VALID,0.706,0.906,2,0,true,true,true,false,false,false,false,true,false,
725646,2.4760038,VALID,VALID,VALID,0.703,0.907,2,0,true,true,true,false,false,false,false,true,false,
725647,2.4810195,VALID,VALID,VALID,0.701,0.909,2,0,true,true,true,false,false,false,false,true,false,
725648,2.4860391,VALID,VALID,VALID,0.699,0.91,2,0,true,true,true,false,false,false,false,true,false,
725649,2.4910598,VALID,VALID,VALID,0.696,0.911,2,0,true,true,true,false,false,false,false,true,false,
725650,2.4961372,VALID,VALID,VALID,0.694,0.912,2,0,true,true,true,false,false,false,false,true,false,
725651,2.5011509,VALID,VALID,VALID,0.693,0.913,2,0,true,true,true,false,false,false,false,true,false,
725652,2.5061646,VALID,VALID,VALID,0.691,0.914,2,0,true,true,true,false,false,false,false,true,false,
725653,2.5111592,VALID,VALID,VALID,0.689,0.915,2,0,true,true,true,false,false,false,false,true,false,
725654,2.5161708,VALID,VALID,VALID,0.688,0.916,2,0,true,true,true,false,false,false,false,true,false,
725655,2.5211845,VALID,VALID,VALID,0.686,0.917,2,0,true,true,true,false,false,false,false,true,false,
725656,2.5261795,VALID,VALID,VALID,0.685,0.917,2,0,true,true,true,false,false,false,false,true,false,
725657,2.5311932,VALID,VALID,VALID,0.683,0.918,2,0,true,true,true,false,false,false,false,true,false,
725658,2.5361982,VALID,VALID,VALID,0.681,0.919,2,0,true,true,true,false,false,false,false,true,false,
725659,2.5411553,VALID,VALID,VALID,0.68,0.92,2,0,true,true,true,false,false,false,false,true,false,
725660,2.5461694,VALID,VALID,VALID,0.677,0.921,2,0.3807902,true,true,true,false,false,false,false,false,false,
725661,2.551221,VALID,VALID,VALID,0.675,0.922,2,0.5099614,true,true,true,false,false,false,false,false,false,
725662,2.5562594,VALID,VALID,VALID,0.674,0.923,2,0.4770304,true,true,true,false,false,false,false,false,false,
725663,2.5612735,VALID,VALID,VALID,0.673,0.924,2,0.3555219,true,true,true,false,false,false,false,false,false,
725664,2.5662876,VALID,VALID,VALID,0.672,0.924,2,0.3627665,true,true,true,false,false,false,false,false,false,
725665,2.5713014,VALID,VALID,VALID,0.67,0.925,2,0.3543516,true,true,true,false,false,false,false,false,false,
725666,2.5763155,VALID,VALID,VALID,0.669,0.926,2,0.3415105,true,true,true,false,false,false,false,false,false,
725667,2.5813293,VALID,VALID,VALID,0.666,0.926,2,0.3204695,true,true,true,false,false,false,false,false,false,
725668,2.5863491,VALID,VALID,VALID,0.665,0.927,2,0.3087527,true,true,true,false,false,false,false,false,false,
725669,2.5913632,VALID,VALID,VALID,0.664,0.928,2,0.3360382,true,true,true,false,false,false,false,false,false,
725670,2.596377,VALID,VALID,VALID,0.662,0.929,2,0.1743422,true,true,true,false,false,false,false,true,false,
725671,2.6013911,VALID,VALID,VALID,0.661,0.93,2,0.2162975,true,true,true,false,false,false,false,true,false,
725672,2.6063804,VALID,VALID,VALID,0.66,0.93,2,0.1701142,true,true,true,false,false,false,false,true,false,
725673,2.6113945,VALID,VALID,VALID,0.659,0.931,2,0.1280329,true,true,true,false,false,false,false,true,false,
725674,2.6164083,VALID,VALID,VALID,0.658,0.931,2,0.3445751,true,true,true,false,false,false,false,false,false,
725675,2.6214224,VALID,VALID,VALID,0.656,0.932,2,0.2983921,true,true,true,false,false,false,false,true,false,
725676,2.6264243,VALID,VALID,VALID,0.655,0.933,2,0.2374545,true,true,true,false,false,false,false,true,false,
725677,2.6314384,VALID,VALID,VALID,0.653,0.933,2,0.2419676,true,true,true,false,false,false,false,true,false,
725678,2.6364525,VALID,VALID,VALID,0.652,0.934,2,0.1876705,true,true,true,false,false,false,false,true,false,
725679,2.6414763,VALID,VALID,VALID,0.651,0.934,2,0.1298705,true,true,true,false,false,false,false,true,false,
725680,2.6464904,VALID,VALID,VALID,0.649,0.935,2,0.1242509,true,true,true,false,false,false,false,true,false,
725681,2.651469,VALID,VALID,VALID,0.648,0.935,2,0.2781318,true,true,true,false,false,false,false,true,false,
725682,2.6564831,VALID,VALID,VALID,0.646,0.936,2,0.4031592,true,true,true,false,false,false,false,false,false,
725683,2.6614972,VALID,VALID,VALID,0.645,0.936,2,0.4014303,true,true,true,false,false,false,false,false,false,
725684,2.6665095,VALID,VALID,VALID,0.644,0.936,2,0.3954602,true,true,true,false,false,false,false,false,false,
725685,2.6715238,VALID,VALID,VALID,0.643,0.936,2,0.4073529,true,true,true,false,false,false,false,false,false,
725686,2.6765617,VALID,VALID,VALID,0.642,0.937,2,0.4185557,true,true,true,false,false,false,false,false,false,
725687,2.6815739,VALID,VALID,VALID,0.642,0.937,2,0.2259754,true,true,true,false,false,false,false,true,false,
725688,2.6865882,VALID,VALID,VALID,0.64,0.937,2,0.2219169,true,true,true,false,false,false,false,true,false,
725689,2.6916004,VALID,VALID,VALID,0.639,0.937,2,0.09862458,true,true,true,false,false,false,false,true,false,
725690,2.6966147,VALID,VALID,VALID,0.638,0.937,2,0,true,true,true,false,false,false,false,true,false,
725691,2.7016269,VALID,VALID,VALID,0.636,0.937,2,0,true,true,true,false,false,false,false,true,false,
725692,2.7066412,VALID,VALID,VALID,0.635,0.937,2,0,true,true,true,false,false,false,false,true,false,
725693,2.7116347,VALID,VALID,VALID,0.632,0.937,2,0,true,true,true,false,false,false,false,true,false,
725694,2.716649,VALID,VALID,VALID,0.63,0.937,2,0,true,true,true,false,false,false,false,true,false,
725695,2.7216541,VALID,VALID,VALID,0.63,0.938,2,0,true,true,true,false,false,false,false,true,false,
725696,2.7266684,VALID,VALID,VALID,0.628,0.938,2,0,true,true,true,false,false,false,false,true,false,
725697,2.7316954,VALID,VALID,VALID,0.627,0.938,2,0,true,true,true,false,false,false,false,true,false,
725698,2.7367097,VALID,VALID,VALID,0.626,0.938,2,0,true,true,true,false,false,false,false,true,false,
725699,2.7417367,VALID,VALID,VALID,0.626,0.938,2,0,true,true,true,false,false,false,false,true,false,
725700,2.746751,VALID,VALID,VALID,0.625,0.938,2,0,true,true,true,false,false,false,false,true,false,
725701,2.751778,VALID,VALID,VALID,0.625,0.938,2,0,true,true,true,false,false,false,false,true,false,
725702,2.7567923,VALID,VALID,VALID,0.624,0.938,2,0,true,true,true,false,false,false,false,true,false,
725703,2.7617247,VALID,VALID,VALID,0.623,0.938,2,0,true,true,true,false,false,false,false,true,false,
725704,2.766745,VALID,VALID,VALID,0.622,0.938,2,0,true,true,true,false,false,false,false,true,false,
725705,2.7717653,VALID,VALID,VALID,0.621,0.938,2,0,true,true,true,false,false,false,false,true,false,
725706,2.776742,VALID,VALID,VALID,0.621,0.938,2,0,true,true,true,false,false,false,false,true,false,
725707,2.7817657,VALID,VALID,VALID,0.62,0.938,2,0,true,true,true,false,false,false,false,true,false,
725708,2.7868011,VALID,VALID,VALID,0.619,0.938,2,0,true,true,true,false,false,false,false,true,false,
725709,2.7918298,VALID,VALID,VALID,0.618,0.938,2,0,true,true,true,false,false,false,false,true,false,
725710,2.7968863,VALID,VALID,VALID,0.616,0.938,2,0,true,true,true,false,false,false,false,true,false,