frame,time_s,left_pupil_diameter_mm,right_pupil_diameter_mm,left_pupil_iris_ratio,right_pupil_iris_ratio,gaze_valid,left_eye_valid,right_eye_valid,blink_left,blink_right,pupil_left_out_of_bounds,pupil_right_out_of_bounds,pupil_asymmetry_exceeded,interpolated_left_pupil,interpolated_right_pupil
725152,0,2.888,2.749,0.419,0.426,true,true,true,false,false,false,false,false,false,false
725153,0.0050201,2.888,2.749,0.419,0.426,true,true,true,false,false,false,false,false,false,false
725154,0.0100128,2.887,2.748,0.419,0.426,true,true,true,false,false,false,false,false,false,false
725155,0.0150329,2.886,2.747,0.419,0.426,true,true,true,false,false,false,false,false,false,false
725156,0.0200515,2.885,2.746,0.419,0.425,true,true,true,false,false,false,false,false,false,false
725157,0.0250716,2.885,2.745,0.419,0.425,true,true,true,false,false,false,false,false,false,false
725158,0.0300902,2.884,2.743,0.419,0.425,true,true,true,false,false,false,false,false,false,false
725159,0.0351103,2.883,2.742,0.419,0.425,true,true,true,false,false,false,false,false,false,false
725160,0.0401289,2.882,2.741,0.418,0.425,true,true,true,false,false,false,false,false,false,false
725161,0.0451238,2.881,2.74,0.418,0.425,true,true,true,false,false,false,false,false,false,false
725162,0.0501424,2.88,2.739,0.418,0.424,true,true,true,false,false,false,false,false,false,false
725163,0.055161,2.879,2.738,0.418,0.424,true,true,true,false,false,false,false,false,false,false
725164,0.0601404,2.878,2.738,0.418,0.424,true,true,true,false,false,false,false,false,false,false
725165,0.0651163,2.877,2.736,0.418,0.424,true,true,true,false,false,false,false,false,false,false
725166,0.0701574,2.876,2.735,0.418,0.424,true,true,true,false,false,false,false,false,false,false
725167,0.0751788,2.876,2.732,0.418,0.423,true,true,true,false,false,false,false,false,false,false
725168,0.0801694,2.875,2.729,0.417,0.423,true,true,true,false,false,false,false,false,false,false
725169,0.0851812,2.874,2.727,0.417,0.423,true,true,true,false,false,false,false,false,false,false
725170,0.0901943,2.873,2.724,0.417,0.422,true,true,true,false,false,false,false,false,false,false
725171,0.0952231,2.872,2.722,0.417,0.422,true,true,true,false,false,false,false,false,false,false
725172,0.1002362,2.869,2.72,0.417,0.422,true,true,true,false,false,false,false,false,false,false
725173,0.1052493,2.868,2.719,0.416,0.421,true,true,true,false,false,false,false,false,false,false
725174,0.1102611,2.866,2.717,0.416,0.421,true,true,true,false,false,false,false,false,false,false
725175,0.1152651,2.864,2.715,0.416,0.421,true,true,true,false,false,false,false,false,false,false
725176,0.1202543,2.863,2.713,0.416,0.42,true,true,true,false,false,false,false,false,false,false
725177,0.1252719,2.861,2.711,0.415,0.42,true,true,true,false,false,false,false,false,false,false
725178,0.1303386,2.86,2.71,0.415,0.42,true,true,true,false,false,false,false,false,false,false
725179,0.135334,2.858,2.708,0.415,0.42,true,true,true,false,false,false,false,false,false,false
725180,0.1403464,2.857,2.707,0.415,0.419,true,true,true,false,false,false,false,false,false,false
725181,0.1453715,2.855,2.705,0.414,0.419,true,true,true,false,false,false,false,false,false,false
725182,0.1503839,2.853,2.703,0.414,0.419,true,true,true,false,false,false,false,false,false,false
725183,0.155397,2.852,2.701,0.414,0.419,true,true,true,false,false,false,false,false,false,false
725184,0.1604094,2.851,2.699,0.414,0.418,true,true,true,false,false,false,false,false,false,false
725185,0.1654225,2.849,2.696,0.414,0.418,true,true,true,false,false,false,false,false,false,false
725186,0.170412,2.848,2.695,0.414,0.418,true,true,true,false,false,false,false,false,false,false
725187,0.175389,2.847,2.693,0.413,0.417,true,true,true,false,false,false,false,false,false,false
725188,0.180417,2.846,2.692,0.413,0.417,true,true,true,false,false,false,false,false,false,false
725189,0.1854803,2.842,2.688,0.413,0.416,true,true,true,false,false,false,false,false,false,false
725190,0.1904979,2.831,2.683,0.411,0.416,true,true,true,false,false,false,false,false,false,false
725191,0.1954593,2.83,2.691,0.411,0.417,true,true,true,false,false,false,false,false,false,false
725192,0.2004769,2.819,2.688,0.409,0.417,true,true,true,false,false,false,false,false,false,false
725193,0.2054945,2.809,2.68,0.408,0.415,true,true,true,false,false,false,false,false,false,false
725194,0.210518,2.797,2.675,0.406,0.415,true,true,true,false,false,false,false,false,false,false
725195,0.2155356,2.784,2.67,0.404,0.414,true,true,true,false,false,false,false,false,false,false
725196,0.2205532,2.779,2.661,0.403,0.412,true,true,true,false,false,false,false,false,false,false
725197,0.2255708,2.774,2.656,0.403,0.411,true,true,true,false,false,false,false,false,false,false
725198,0.2305392,2.772,2.653,0.402,0.411,true,true,true,false,false,false,false,false,false,false
725199,0.2355568,2.77,2.651,0.402,0.411,true,true,true,false,false,false,false,false,false,false
725200,0.2405803,2.77,2.651,0.402,0.411,true,true,true,false,false,false,false,false,false,false
725201,0.2456215,2.769,2.651,0.402,0.411,true,true,true,false,false,false,false,false,false,false
725202,0.250645,2.768,2.651,0.402,0.411,true,true,true,false,false,false,false,false,false,false
725203,0.2556694,2.767,2.651,0.402,0.411,true,true,true,false,false,false,false,false,false,false
725204,0.2606938,2.766,2.652,0.402,0.411,true,true,true,false,false,false,false,false,false,false
725205,0.2657201,2.765,2.652,0.401,0.411,true,true,true,false,false,false,false,false,false,false
725206,0.2707436,2.764,2.652,0.401,0.411,true,true,true,false,false,false,false,false,false,false
725207,0.2756391,2.763,2.652,0.401,0.411,true,true,true,false,false,false,false,false,false,false
725208,0.2806626,2.762,2.652,0.401,0.411,true,true,true,false,false,false,false,false,false,false
725209,0.2856889,2.76,2.652,0.401,0.411,true,true,true,false,false,false,false,false,false,false
725210,0.2907124,2.759,2.652,0.401,0.411,true,true,true,false,false,false,false,false,false,false
725211,0.2957387,2.758,2.651,0.4,0.411,true,true,true,false,false,false,false,false,false,false
725212,0.3007733,2.757,2.65,0.4,0.411,true,true,true,false,false,false,false,false,false,false
725213,0.3057996,2.757,2.649,0.4,0.411,true,true,true,false,false,false,false,false,false,false
725214,0.3108259,2.755,2.649,0.4,0.41,true,true,true,false,false,false,false,false,false,false
725215,0.3158522,2.754,2.647,0.4,0.41,true,true,true,false,false,false,false,false,false,false
725216,0.3208868,2.754,2.646,0.4,0.41,true,true,true,false,false,false,false,false,false,false
725217,0.3258692,2.753,2.645,0.4,0.41,true,true,true,false,false,false,false,false,false,false
725218,0.3307845,2.752,2.644,0.4,0.41,true,true,true,false,false,false,false,false,false,false
725219,0.3358108,2.751,2.643,0.399,0.409,true,true,true,false,false,false,false,false,false,false
725220,0.3408444,2.75,2.642,0.399,0.409,true,true,true,false,false,false,false,false,false,false
725221,0.3460024,2.75,2.641,0.399,0.409,true,true,true,false,false,false,false,false,false,false
725222,0.3509848,2.749,2.64,0.399,0.409,true,true,true,false,false,false,false,false,false,false
725223,0.3558444,2.749,2.64,0.399,0.409,true,true,true,false,false,false,false,false,false,false
725224,0.360878,2.749,2.64,0.399,0.409,true,true,true,false,false,false,false,false,false,false
725225,0.3659116,2.748,2.64,0.399,0.409,true,true,true,false,false,false,false,false,false,false
725226,0.3709287,2.748,2.639,0.399,0.409,true,true,true,false,false,false,false,false,false,false
725227,0.3759019,2.747,2.639,0.399,0.409,true,true,true,false,false,false,false,false,false,false
725228,0.380919,2.747,2.639,0.399,0.409,true,true,true,false,false,false,false,false,false,false
725229,0.3859438,2.746,2.639,0.399,0.409,true,true,true,false,false,false,false,false,false,false
725230,0.3909609,2.746,2.64,0.399,0.409,true,true,true,false,false,false,false,false,false,false
725231,0.395941,2.745,2.64,0.399,0.409,true,true,true,false,false,false,false,false,false,false
725232,0.4009581,2.745,2.64,0.399,0.409,true,true,true,false,false,false,false,false,false,false
725233,0.4059795,2.745,2.64,0.399,0.409,true,true,true,false,false,false,false,false,false,false
725234,0.4110256,2.745,2.64,0.399,0.409,true,true,true,false,false,false,false,false,false,false
725235,0.416047,2.745,2.64,0.399,0.409,true,true,true,false,false,false,false,false,false,false
725236,0.4210684,2.745,2.641,0.399,0.409,true,true,true,false,false,false,false,false,false,false
725237,0.4260855,2.745,2.641,0.399,0.409,true,true,true,false,false,false,false,false,false,false
725238,0.4310347,2.745,2.642,0.399,0.409,true,true,true,false,false,false,false,false,false,false
725239,0.4360276,2.746,2.643,0.399,0.409,true,true,true,false,false,false,false,false,false,false
725240,0.4410364,2.746,2.644,0.399,0.41,true,true,true,false,false,false,false,false,false,false
725400,1.2430362,2.967,2.886,0.431,0.447,true,true,true,false,false,false,false,false,false,false
725401,1.248052,2.918,2.878,0.424,0.446,true,true,true,false,false,false,false,false,false,false
725402,1.2530299,2.858,2.861,0.415,0.443,true,true,true,false,false,false,false,false,false,false
725403,1.2580554,2.8489913059066057,2.865652390327758,,,false,false,false,false,false,false,false,false,true,true
725404,1.2630712,2.84,2.870295800815464,0.412,,true,true,false,false,false,false,false,false,false,true
725405,1.2681495,2.819844571678156,2.874997071097317,,,false,false,false,false,false,false,false,false,true,true
725406,1.2731653,2.799937201617958,2.879640481585023,,,false,false,false,false,false,false,false,false,true,true
725407,1.2781543,2.780136198940353,2.884259081792999,,,false,false,false,false,false,false,false,false,true,true
725408,1.2831454,2.7603268615051557,2.8888796260900587,,,false,false,false,false,false,false,false,false,true,true
725409,1.2881579,2.7404325889211725,2.893519981580634,,,false,false,false,false,false,false,false,false,true,true
725410,1.2931372,2.720670084885775,2.898129601948558,,,false,false,false,false,false,false,false,false,true,true
725411,1.2981462,2.7007897035644435,2.9027667172906613,,,false,false,false,false,false,false,false,false,true,true
725412,1.3031567,2.6809033688448323,2.907405221267824,,,false,false,false,false,false,false,false,false,true,true
725413,1.308162,2.66103767257259,2.9120389113101135,,,false,false,false,false,false,false,false,false,true,true
725414,1.3131735,2.6411473689207923,2.9166783410439825,,,false,false,false,false,false,false,false,false,true,true
725415,1.3181831,2.6212646062401492,2.921316011840109,,,false,false,false,false,false,false,false,false,true,true
725416,1.3232368,2.601206813650089,2.925994508506986,,,false,false,false,false,false,false,false,false,true,true
725417,1.3282421,2.5813411173778467,2.9306281985492753,,,false,false,false,false,false,false,false,false,true,true
725418,1.3332517,2.561458354697203,2.935265869345402,,,false,false,false,false,false,false,false,false,true,true
725419,1.338257,2.541592658424961,2.9398995593876918,,,false,false,false,false,false,false,false,false,true,true
725420,1.3432744,2.521678938073264,2.944544451086128,,,false,false,false,false,false,false,false,false,true,true
725421,1.3482797,2.5018132418010217,2.9491781411284177,,,false,false,false,false,false,false,false,false,true,true
725422,1.3532893,2.481930479120379,2.9538158119245446,,,false,false,false,false,false,false,false,false,true,true
725423,1.3584102,2.4616059742873966,2.9585565194420878,,,false,false,false,false,false,false,false,false,true,true
725424,1.3633839,2.4418656962722425,2.963160955572457,,,false,false,false,false,false,false,false,false,true,true
725425,1.3683892,2.422,2.9677946456147466,0.352,,true,true,false,true,true,false,false,false,false,true
725426,1.3733782,2.510108317835785,2.9724132458227226,,,false,false,false,false,false,false,false,false,true,true
725427,1.3783328,2.5976091138969513,2.977,,0.461,true,false,true,false,false,false,false,false,true,false
725428,1.3833378,2.686,2.976,0.39,0.461,true,true,true,true,true,false,false,false,false,false
725429,1.3883434,2.687,2.975,0.39,0.461,true,true,true,true,true,false,false,false,false,false
725430,1.3933484,2.774,2.974,0.403,0.461,true,true,true,true,true,false,false,false,false,false
725431,1.3983796,2.802,2.969,0.407,0.46,true,true,true,true,true,false,false,false,false,false
725432,1.4033849,2.814,2.948,0.409,0.457,true,true,true,true,true,false,false,false,false,false
725433,1.4083902,2.838,2.938,0.412,0.455,true,true,true,true,true,false,false,false,false,false
725434,1.4133955,2.862,2.928,0.416,0.454,true,true,true,true,true,false,false,false,false,false
725435,1.4184263,2.875,2.92,0.417,0.452,true,true,true,true,true,false,false,false,false,false
725436,1.4234437,2.911,2.915,0.423,0.452,true,true,true,true,true,false,false,false,false,false
725437,1.4284487,2.917,3.313,0.424,0.513,true,true,true,false,true,false,false,false,false,false
725438,1.433501,2.917,3.356,0.423,0.52,true,true,true,false,false,false,false,false,false,false
725439,1.438481,2.917,3.38,0.424,0.524,true,true,true,false,false,false,false,false,false,false
725440,1.4434934,2.918,3.389,0.424,0.525,true,true,true,false,false,false,false,false,false,false
725441,1.4484968,2.918,3.391,0.424,0.525,true,true,true,false,false,false,false,false,false,false
725442,1.453525,2.918,3.16,0.424,0.49,true,true,true,false,false,false,false,false,false,false
725443,1.4585284,2.929,3.079,0.425,0.477,true,true,true,false,false,false,false,false,false,false
725444,1.4635307,2.958,3.048,0.429,0.472,true,true,true,false,false,false,false,false,false,false
725445,1.4685341,2.966,3.025,0.431,0.469,true,true,true,false,false,false,false,false,false,false
725446,1.4735764,2.967,3.01,0.431,0.466,true,true,true,false,false,false,false,false,false,false
725447,1.4785798,2.968,2.993,0.431,0.464,true,true,true,false,false,false,false,false,false,false
725448,1.4835877,2.967,2.987,0.431,0.463,true,true,true,false,false,false,false,false,false,false
725449,1.4886354,2.967,2.982,0.431,0.462,true,true,true,false,false,false,false,false,false,false
725450,1.4936433,2.968,2.976,0.431,0.461,true,true,true,false,false,false,false,false,false,false
725451,1.4986517,2.975,2.971,0.432,0.46,true,true,true,false,false,false,false,false,false,false
725452,1.5036596,2.98,2.968,0.433,0.46,true,true,true,false,false,false,false,false,false,false
725453,1.5086714,2.982,2.967,0.433,0.46,true,true,true,false,false,false,false,false,false,false
725454,1.5136793,2.986,2.967,0.434,0.46,true,true,true,false,false,false,false,false,false,false
725455,1.5186738,2.987,2.966,0.434,0.46,true,true,true,false,false,false,false,false,false,false
725456,1.5236858,2.988,2.966,0.434,0.46,true,true,true,false,false,false,false,false,false,false
725457,1.5286976,2.988,2.966,0.434,0.46,true,true,true,false,false,false,false,false,false,false
725458,1.5337085,3,2.966,0.436,0.46,true,true,true,false,false,false,false,false,false,false
725459,1.5387203,3.009,2.966,0.437,0.46,true,true,true,false,false,false,false,false,false,false
725460,1.5437321,3.01,2.966,0.437,0.46,true,true,true,false,false,false,false,false,false,false
725461,1.5487439,3.013,2.966,0.438,0.46,true,true,true,false,false,false,false,false,false,false
725462,1.5537885,3.015,2.966,0.438,0.46,true,true,true,false,false,false,false,false,false,false
725463,1.5588003,3.018,2.966,0.438,0.46,true,true,true,false,false,false,false,false,false,false
725464,1.5638121,3.02,2.966,0.438,0.46,true,true,true,false,false,false,false,false,false,false
725465,1.568823,3.021,3.007,0.439,0.466,true,true,true,false,false,false,false,false,false,false
725466,1.5738348,3.021,3.023,0.439,0.468,true,true,true,false,false,false,false,false,false,false
725467,1.5788457,3.022,3.029,0.439,0.469,true,true,true,false,false,false,false,false,false,false
725468,1.5838566,3.022,3.032,0.439,0.47,true,true,true,false,false,false,false,false,false,false
725469,1.5888684,3.021,3.033,0.439,0.47,true,true,true,false,false,false,false,false,false,false
725470,1.593878,3.019,3.03,0.438,0.47,true,true,true,false,false,false,false,false,false,false
725471,1.5988889,3.012,3.026,0.437,0.469,true,true,true,false,false,false,false,false,false,false
725472,1.6038998,2.993,3.026,0.435,0.469,true,true,true,false,false,false,false,false,false,false
725473,1.6090059,2.971,3.026,0.431,0.469,true,true,true,false,false,false,false,false,false,false
725474,1.6140154,2.905,3.025,0.422,0.469,true,true,true,false,false,false,false,false,false,false
725475,1.6189073,2.888,3.025,0.419,0.469,true,true,true,false,false,false,false,false,false,false
725476,1.6239168,2.885,2.988,0.419,0.463,true,true,true,false,false,false,false,false,false,false
725477,1.6289376,2.876,2.85,0.418,0.442,true,true,true,false,false,false,false,false,false,false
725478,1.6339554,2.818,2.815,0.409,0.436,true,true,true,false,false,false,false,false,false,false
725479,1.6390009,2.721,2.418,0.395,0.375,true,true,true,false,true,false,false,false,false,false
725480,1.6440108,2.7591533550262324,,,,false,false,false,false,false,false,false,false,true,false
725481,1.6489793,2.7969914245381653,,,,false,false,false,false,false,false,false,false,true,false
725482,1.6540023,2.8352445438213385,,,,false,false,false,false,false,false,false,false,true,false
725483,1.6590127,2.873401706643636,,,,false,false,false,false,false,false,false,false,true,false
725484,1.6640577,2.9118223689537306,,,,false,false,false,false,false,false,false,false,true,false
725485,1.6690672,2.949972677743109,,,,false,false,false,false,false,false,false,false,true,false
725486,1.6740767,2.9881229865324888,,,,false,false,false,false,false,false,false,false,true,false
725487,1.6790862,3.0262732953218667,,,,false,false,false,false,false,false,false,false,true,false
725488,1.6841326,3.064704619460947,,,,false,false,false,false,false,false,false,false,true,false
725489,1.6891596,3.1029882011126504,,,,false,false,false,false,false,false,false,false,true,false
725490,1.6941721,3.1411613566784284,,,,false,false,false,false,false,false,false,false,true,false
725491,1.6991477,3.1790534968945043,,,,false,false,false,false,false,false,false,false,true,false
725492,1.7041602,3.2172266524602824,,,,false,false,false,false,false,false,false,false,true,false
725493,1.7091887,3.255521657500184,,,,false,false,false,false,false,false,false,false,true,false
725494,1.7142012,3.2936948130659616,,,,false,false,false,false,false,false,false,false,true,false
725495,1.719219,3.3319083312700437,,,,false,false,false,false,false,false,false,false,true,false
725496,1.7242208,3.37,,0.489,,true,true,false,true,true,false,false,false,false,false
725497,1.7292386,3.37,,0.489,,true,true,false,true,true,false,false,false,false,false
725498,1.7342511,,,,,false,false,false,false,false,false,false,false,false,false
725499,1.7392689,,,,,false,false,false,false,false,false,false,false,false,false
725500,1.7442814,,,,,false,false,false,false,false,false,false,false,false,false
725501,1.7492992,,,,,false,false,false,false,false,false,false,false,false,false
725502,1.7543117,,,,,false,false,false,false,false,false,false,false,false,false
725503,1.759285,,,,,false,false,false,false,false,false,false,false,false,false
725504,1.7642975,,,,,false,false,false,false,false,false,false,false,false,false
725505,1.76931,,,,,false,false,false,false,false,false,false,false,false,false
725506,1.7743359,,,,,false,false,false,false,false,false,false,false,false,false
725507,1.7793425,,,,,false,false,false,false,false,false,false,false,false,false
725508,1.7843533,,,,,false,false,false,false,false,false,false,false,false,false
725509,1.7893599,,,,,false,false,false,false,false,false,false,false,false,false
725510,1.7943707,,,,,false,false,false,false,false,false,false,false,false,false
725511,1.7993815,,,,,false,false,false,false,false,false,false,false,false,false
725512,1.8043881,,,,,false,false,false,false,false,false,false,false,false,false
725513,1.8093798,,,,,false,false,false,false,false,false,false,false,false,false
725514,1.8143806,,,,,false,false,false,false,false,false,false,false,false,false
725515,1.8194009,,,,,false,false,false,false,false,false,false,false,false,false
725516,1.8244292,,,,,false,false,false,false,false,false,false,false,false,false
725517,1.8294449,,,,,false,false,false,false,false,false,false,false,false,false
725518,1.8344515,,,,,false,false,false,false,false,false,false,false,false,false
725519,1.8394623,,,,,false,false,false,false,false,false,false,false,false,false
725520,1.8444689,,,,,false,false,false,false,false,false,false,false,false,false
725521,1.8495017,,,,,false,false,false,false,false,false,false,false,false,false
725522,1.8545083,,,,,false,false,false,false,false,false,false,false,false,false
725523,1.8595191,,,,,false,false,false,false,false,false,false,false,false,false
725524,1.8645331,,,,,false,false,false,false,false,false,false,false,false,false
725525,1.8695431,,,,,false,false,false,false,false,false,false,false,false,false
725526,1.8745531,,,,,false,false,false,false,false,false,false,false,false,false
725527,1.8795982,,,,,false,false,false,false,false,false,false,false,false,false
725528,1.884609,,,,,false,false,false,false,false,false,false,false,false,false
725529,1.889619,,,,,false,false,false,false,false,false,false,false,false,false
725530,1.8946298,,,,,false,false,false,false,false,false,false,false,false,false
725531,1.8996398,,,,,false,false,false,false,false,false,false,false,false,false
725532,1.9046815,,,,,false,false,false,false,false,false,false,false,false,false
725533,1.9096915,,,,,false,false,false,false,false,false,false,false,false,false
725534,1.9146637,,,,,false,false,false,false,false,false,false,false,false,false
725535,1.9196531,,,,,false,false,false,false,false,false,false,false,false,false
725536,1.9246651,,,,,false,false,false,false,false,false,false,false,false,false
725537,1.9296837,,,,,false,false,false,false,false,false,false,false,false,false
725538,1.9346918,,,,,false,false,false,false,false,false,false,false,false,false
725539,1.9397028,,,,,false,false,false,false,false,false,false,false,false,false
725540,1.9447128,,,,,false,false,false,false,false,false,false,false,false,false
725541,1.9497272,,,,,false,false,false,false,false,false,false,false,false,false
725542,1.9547353,,,,,false,false,false,false,false,false,false,false,false,false
725543,1.9597752,,,,,false,false,false,false,false,false,false,false,false,false
725544,1.9647833,,,,,false,false,false,false,false,false,false,false,false,false
725545,1.9697646,,,,,false,false,false,false,false,false,false,false,false,false
725546,1.9747802,,,,,false,false,false,false,false,false,false,false,false,false
725547,1.9798079,,,,,false,false,false,false,false,false,false,false,false,false
725548,1.9848339,,,,,false,false,false,false,false,false,false,false,false,false
725549,1.9898364,,,,,false,false,false,false,false,false,false,false,false,false
725550,1.9948474,,,,,false,false,false,false,false,false,false,false,false,false
725551,1.9998555,,,,,false,false,false,false,false,false,false,false,false,false
725552,2.0048724,,,,,false,false,false,false,false,false,false,false,false,false
725553,2.0098805,,,,,false,false,false,false,false,false,false,false,false,false
725554,2.0148886,,,,,false,false,false,false,false,false,false,false,false,false
725555,2.0199012,,,,,false,false,false,false,false,false,false,false,false,false
725556,2.0249093,,,,,false,false,false,false,false,false,false,false,false,false
725557,2.0299174,,,,,false,false,false,false,false,false,false,false,false,false
725558,2.034941,,,,,false,false,false,false,false,false,false,false,false,false
725559,2.03995,,,,,false,false,false,false,false,false,false,false,false,false
725560,2.044959,,,,,false,false,false,false,false,false,false,false,false,false
725561,2.0499843,,,,,false,false,false,false,false,false,false,false,false,false
725562,2.0549933,,,,,false,false,false,false,false,false,false,false,false,false
725563,2.0600472,,,,,false,false,false,false,false,false,false,false,false,false
725564,2.0650562,,,,,false,false,false,false,false,false,false,false,false,false
725565,2.0700722,,,,,false,false,false,false,false,false,false,false,false,false
725566,2.0750812,,,,,false,false,false,false,false,false,false,false,false,false
725567,2.0800968,,,,,false,false,false,false,false,false,false,false,false,false
725568,2.0851058,,,,,false,false,false,false,false,false,false,false,false,false
725569,2.0901214,,,,,false,false,false,false,false,false,false,false,false,false
725570,2.0951304,,,,,false,false,false,false,false,false,false,false,false,false
725571,2.1001394,,,,,false,false,false,false,false,false,false,false,false,false
725572,2.1051665,2.115,2.15,0.307,0.333,true,true,true,true,true,false,false,false,false,false
725573,2.1101755,2.69,2.471,0.391,0.383,true,true,true,true,true,false,false,false,false,false
725574,2.1151845,2.934,2.448,0.426,0.379,true,true,true,true,true,false,false,false,false,false
725575,2.1201935,2.6,2.405,0.378,0.373,true,true,true,true,true,false,false,false,false,false
725576,2.1251787,2.567,2.087,0.373,0.323,true,true,true,true,true,false,false,false,false,false
725577,2.1301877,2.5867595585948497,2.1211166910570247,0,0,true,true,true,true,true,true,true,false,true,true
725578,2.1351967,2.606519117189699,2.1552333821140497,0,0,true,true,true,true,true,true,true,false,true,true
725579,2.140211,2.626299583283161,2.1893861718859067,0,0,true,true,true,true,true,true,true,false,true,true
725580,2.1452354,2.6461198919683206,2.2236077535482988,0,0,true,true,true,true,true,true,true,false,true,true
725581,2.1502516,2.6659078532027953,2.2577734843688715,0,0,true,true,true,true,true,true,true,false,true,true
725582,2.155276,2.685728161887954,2.2919950660312605,0,0,true,true,true,false,true,true,true,false,true,true
725583,2.1603249,2.7056451184440604,2.3263835191112805,0,0,true,true,true,false,true,true,true,false,true,true
725584,2.1653559,2.7254914628822093,2.3606500538902564,0,0,true,true,true,false,false,true,true,false,true,true
725585,2.1703652,2.745252204920377,2.394768788270763,0,0,true,true,true,false,false,true,true,false,true,true
725586,2.1752783,2.764633456134661,2.428232296921643,0,0,true,true,true,false,false,true,true,false,true,true
725587,2.1803464,2.784626153063101,2.462751522704455,0,0,true,true,true,false,false,true,true,false,true,true
725588,2.1859617,2.8067774506030605,2.5009977705168946,0,0,true,true,true,false,false,true,true,false,true,true
725589,2.1908115,2.825908995277307,2.5340301379132524,0,0,true,true,true,false,false,true,true,false,true,true
725590,2.1956435,2.8449703223147034,2.5669412681163974,0,0,true,true,true,false,false,true,true,false,true,true
725591,2.2003552,2.8635570885816923,2.599033025603596,0,0,true,true,true,false,false,true,true,false,true,true
725592,2.2053695,2.883337554675154,2.6331858153754535,0,0,true,true,true,false,false,true,true,false,true,true
725593,2.2103839,2.9031184152497227,2.667339286255139,0,0,true,true,true,false,false,true,true,false,true,true
725594,2.2154169,2.922972649309991,2.7016194431906584,0,0,true,true,true,false,false,true,true,false,true,true
725595,2.2204313,2.942753509884559,2.7357729140703437,0,0,true,true,true,false,false,true,true,false,true,true
725596,2.2254457,2.9625343704591276,2.7699263849500295,0,0,true,true,true,false,false,true,true,false,true,true
725597,2.23046,2.9823148365525896,2.8040791747218865,0,0,true,true,true,false,false,true,true,false,true,true
725598,2.2354744,3.002095697127158,2.838232645601572,0,0,true,true,true,false,false,true,true,false,true,true
725599,2.2404888,3.0218765577017264,2.8723861164812576,0,0,true,true,true,false,false,true,true,false,true,true
725600,2.2455032,3.0416574182762948,2.9065395873609434,0,0,true,true,true,false,false,true,true,false,true,true
725601,2.2505176,3.061438278850863,2.9406930582406288,0,0,true,true,true,false,false,true,true,false,true,true
725602,2.255532,3.0812191394254316,2.974846529120314,0,0,true,true,true,false,false,true,true,false,true,true
725603,2.2605464,3.101,3.009,0.45,0.466,true,true,true,false,false,false,false,false,false,false
725604,2.265499,3.1,3.009,0.45,0.466,true,true,true,false,false,false,false,false,false,false
725605,2.2705134,3.1,3.009,0.45,0.466,true,true,true,false,false,false,false,false,false,false
725606,2.2755278,3.1,3.009,0.45,0.466,true,true,true,false,false,false,false,false,false,false
725607,2.2805581,3.099,3.009,0.45,0.466,true,true,true,false,false,false,false,false,false,false
725608,2.2861397,3.197,3.01,0.464,0.466,true,true,true,false,false,false,false,false,false,false
725609,2.291006,3.216,3.01,0.467,0.466,true,true,true,false,false,false,false,false,false,false
725610,2.2960082,3.221,3.01,0.468,0.466,true,true,true,false,false,false,false,false,false,false
725611,2.3005823,3.223,3.011,0.468,0.466,true,true,true,false,false,false,false,false,false,false
725612,2.3055801,3.146,3.011,0.457,0.467,true,true,true,false,false,false,false,false,false,false
725613,2.3106205,3.129,3.012,0.454,0.467,true,true,true,false,false,false,false,false,false,false
725614,2.3156227,3.125,3.012,0.454,0.467,true,true,true,false,false,false,false,false,false,false
725615,2.3206385,3.124,3.012,0.454,0.467,true,true,true,false,false,false,false,false,false,false
725616,2.3256407,3.124,3.012,0.454,0.467,true,true,true,false,false,false,false,false,false,false
725617,2.3306583,3.124,3.012,0.454,0.467,true,true,true,false,false,false,false,false,false,false
725618,2.3356886,3.124,3.012,0.454,0.467,true,true,true,false,false,false,false,false,false,false
725619,2.3406864,3.124,3.011,0.454,0.467,true,true,true,false,false,false,false,false,false,false
725620,2.3457074,3.123,3.011,0.453,0.466,true,true,true,false,false,false,false,false,false,false
725621,2.3507052,3.12,3.01,0.453,0.466,true,true,true,false,false,false,false,false,false,false
725622,2.3557466,3.118,3.01,0.453,0.466,true,true,true,false,false,false,false,false,false,false
725623,2.3608729,3.117,3.01,0.453,0.466,true,true,true,false,false,false,false,false,false,false
725624,2.3658939,3.115,3.011,0.452,0.467,true,true,true,false,false,false,false,false,false,false
725625,2.3708917,3.113,3.012,0.452,0.467,true,true,true,false,false,false,false,false,false,false
725626,2.3758839,3.111,3.013,0.452,0.467,true,true,true,false,false,false,false,false,false,false
725627,2.3807534,3.109,3.014,0.451,0.467,true,true,true,false,false,false,false,false,false,false
725628,2.3857512,3.106,3.014,0.451,0.467,true,true,true,false,false,false,false,false,false,false
725629,2.3910536,3.104,3.013,0.451,0.467,true,true,true,false,false,false,false,false,false,false
725630,2.396043,3.102,3.01,0.45,0.466,true,true,true,false,false,false,false,false,false,false
725631,2.401064,3.098,3.006,0.45,0.466,true,true,true,false,false,false,false,false,false,false
725632,2.4060534,3.094,2.994,0.449,0.464,true,true,true,false,false,false,false,false,false,false
725633,2.4108619,3.089,2.982,0.449,0.462,true,true,true,false,false,false,false,false,false,false
725634,2.4158513,3.076,2.971,0.447,0.46,true,true,true,false,false,false,false,false,false,false
725635,2.4208538,3.065,2.96,0.445,0.459,true,true,true,false,false,false,false,false,false,false
725636,2.4258769,3.055,2.951,0.444,0.457,true,true,true,false,false,false,false,false,false,false
725637,2.4308794,3.042,2.939,0.442,0.455,true,true,true,false,false,false,false,false,false,false
725638,2.4358908,3.032,2.919,0.44,0.452,true,true,true,false,false,false,false,false,false,false
725639,2.4408933,3.022,2.903,0.439,0.45,true,true,true,false,false,false,false,false,false,false
725640,2.4459609,3.007,2.888,0.437,0.447,true,true,true,false,false,false,false,false,false,false
725641,2.4509634,2.993,2.875,0.435,0.445,true,true,true,false,false,false,false,false,false,false
725642,2.4559846,2.977,2.859,0.432,0.443,true,true,true,false,false,false,false,false,false,false
725643,2.460974,2.956,2.847,0.429,0.441,true,true,true,false,false,false,false,false,false,false
725644,2.4659876,2.934,2.832,0.426,0.439,true,true,true,false,false,false,false,false,false,false
725645,2.4710013,3.029,2.817,0.44,0.437,true,true,true,false,false,false,false,false,false,false
725646,2.4760038,3.04,2.804,0.441,0.435,true,true,true,false,false,false,false,false,false,false
725647,2.4810195,3.04,2.786,0.441,0.432,true,true,true,false,false,false,false,false,false,false
725648,2.4860391,3.035,2.769,0.441,0.429,true,true,true,false,false,false,false,false,false,false
725649,2.4910598,3.02,2.749,0.439,0.426,true,true,true,false,false,false,false,false,false,false
725650,2.4961372,3.018,2.731,0.438,0.423,true,true,true,false,false,false,false,false,false,false
725651,2.5011509,3.035,2.711,0.441,0.42,true,true,true,false,false,false,false,false,false,false
725652,2.5061646,3.046,2.692,0.442,0.417,true,true,true,false,false,false,false,false,false,false
725653,2.5111592,3.055,2.678,0.444,0.415,true,true,true,false,false,false,false,false,false,false
725654,2.5161708,3.064,2.664,0.445,0.413,true,true,true,false,false,false,false,false,false,false
725655,2.5211845,3.055,2.652,0.444,0.411,true,true,true,false,false,false,false,false,false,false
725656,2.5261795,3.016,2.64,0.438,0.409,true,true,true,false,false,false,false,false,false,false
725657,2.5311932,2.975,2.626,0.432,0.407,true,true,true,false,false,false,false,false,false,false
725658,2.5361982,2.933,2.611,0.426,0.405,true,true,true,false,false,false,false,false,false,false
725659,2.5411553,2.899,2.598,0.421,0.403,true,true,true,false,false,false,false,false,false,false
725660,2.5461694,2.879,2.581,0.418,0.4,true,true,true,false,false,false,false,false,false,false
725661,2.551221,2.848,2.563,0.414,0.397,true,true,true,false,false,false,false,false,false,false
725662,2.5562594,2.828,2.545,0.411,0.394,true,true,true,false,false,false,false,false,false,false
725663,2.5612735,2.816,2.53,0.409,0.392,true,true,true,false,false,false,false,false,false,false
725664,2.5662876,2.791,2.515,0.405,0.39,true,true,true,false,false,false,false,false,false,false
725665,2.5713014,2.769,2.5,0.402,0.387,true,true,true,false,false,false,false,false,false,false
725666,2.5763155,2.749,2.486,0.399,0.385,true,true,true,false,false,false,false,false,false,false
725667,2.5813293,2.736,2.472,0.397,0.383,true,true,true,false,false,false,false,false,false,false
725668,2.5863491,2.719,2.459,0.395,0.381,true,true,true,false,false,false,false,false,false,false
725669,2.5913632,2.705,2.446,0.393,0.379,true,true,true,false,false,false,false,false,false,false
725670,2.596377,2.681,2.431,0.389,0.377,true,true,true,false,false,false,false,false,false,false
725671,2.6013911,2.662,2.418,0.387,0.375,true,true,true,false,false,false,false,false,false,false
725672,2.6063804,2.648,2.404,0.384,0.372,true,true,true,false,false,false,false,false,false,false
725673,2.6113945,2.631,2.388,0.382,0.37,true,true,true,false,false,false,false,false,false,false
725674,2.6164083,2.621,2.372,0.381,0.368,true,true,true,false,false,false,false,false,false,false
725675,2.6214224,2.609,2.359,0.379,0.366,true,true,true,false,false,false,false,false,false,false
725676,2.6264243,2.602,2.344,0.378,0.363,true,true,true,false,false,false,false,false,false,false
725677,2.6314384,2.596,2.332,0.377,0.361,true,true,true,false,false,false,false,false,false,false
725678,2.6364525,2.591,2.321,0.376,0.36,true,true,true,false,false,false,false,false,false,false
725679,2.6414763,2.584,2.313,0.375,0.358,true,true,true,false,false,false,false,false,false,false
725680,2.6464904,2.573,2.305,0.374,0.357,true,true,true,false,false,false,false,false,false,false
725681,2.651469,2.554,2.297,0.371,0.356,true,true,true,false,false,false,false,false,false,false
725682,2.6564831,2.531,2.288,0.368,0.354,true,true,true,false,false,false,false,false,false,false
725683,2.6614972,2.511,2.277,0.365,0.353,true,true,true,false,false,false,false,false,false,false
725684,2.6665095,2.487,2.265,0.361,0.351,true,true,true,false,false,false,false,false,false,false
725685,2.6715238,2.474,2.252,0.359,0.349,true,true,true,false,false,false,false,false,false,false
725686,2.6765617,2.464,2.241,0.358,0.347,true,true,true,false,false,false,false,false,false,false
725687,2.6815739,2.456,2.227,0.357,0.345,true,true,true,false,false,false,false,false,false,false
725688,2.6865882,2.445,2.218,0.355,0.344,true,true,true,false,false,false,false,false,false,false
725689,2.6916004,2.43,2.207,0.353,0.342,true,true,true,false,false,false,false,false,false,false
725690,2.6966147,2.416,2.197,0.351,0.34,true,true,true,false,false,false,false,false,false,false
725691,2.7016269,2.408,2.184,0.35,0.338,true,true,true,false,false,false,false,false,false,false
725692,2.7066412,2.399,2.172,0.348,0.337,true,true,true,false,false,false,false,false,false,false
725693,2.7116347,2.389,2.157,0.347,0.334,true,true,true,false,false,false,false,false,false,false
725694,2.716649,2.377,2.147,0.345,0.333,true,true,true,false,false,false,false,false,false,false
725695,2.7216541,2.37,2.137,0.344,0.331,true,true,true,false,false,false,false,false,false,false
725696,2.7266684,2.359,2.129,0.343,0.33,true,true,true,false,false,false,false,false,false,false
725697,2.7316954,2.346,2.12,0.341,0.329,true,true,true,false,false,false,false,false,false,false
725698,2.7367097,2.336,2.11,0.339,0.327,true,true,true,false,false,false,false,false,false,false
725699,2.7417367,2.322,2.102,0.337,0.326,true,true,true,false,false,false,false,false,false,false
725700,2.746751,2.313,2.096,0.336,0.325,true,true,true,false,false,false,false,false,false,false
725701,2.751778,2.306,2.089,0.335,0.324,true,true,true,false,false,false,false,false,false,false
725702,2.7567923,2.296,2.082,0.333,0.323,true,true,true,false,false,false,false,false,false,false
725703,2.7617247,2.286,2.075,0.332,0.322,true,true,true,false,false,false,false,false,false,false
725704,2.766745,2.282,2.068,0.331,0.32,true,true,true,false,false,false,false,false,false,false
725705,2.7717653,2.272,2.06,0.33,0.319,true,true,true,false,false,false,false,false,false,false
725706,2.776742,2.262,2.052,0.328,0.318,true,true,true,false,false,false,false,false,false,false
725707,2.7817657,2.255,2.042,0.327,0.316,true,true,true,false,false,false,false,false,false,false
725708,2.7868011,2.245,2.034,0.326,0.315,true,true,true,false,false,false,false,false,false,false
725709,2.7918298,2.238,2.027,0.325,0.314,true,true,true,false,false,false,false,false,false,false
725710,2.7968863,2.23,2.019,0.324,0.313,true,true,true,false,false,false,false,false,false,false